-- phpMyAdmin SQL Dump
-- version 5.1.1
-- https://www.phpmyadmin.net/
--
-- Servidor: 127.0.0.1:2974
-- Tiempo de generación: 02-11-2022 a las 15:12:13
-- Versión del servidor: 10.4.20-MariaDB
-- Versión de PHP: 8.0.8

SET SQL_MODE = "NO_AUTO_VALUE_ON_ZERO";
START TRANSACTION;
SET time_zone = "+00:00";


/*!40101 SET @OLD_CHARACTER_SET_CLIENT=@@CHARACTER_SET_CLIENT */;
/*!40101 SET @OLD_CHARACTER_SET_RESULTS=@@CHARACTER_SET_RESULTS */;
/*!40101 SET @OLD_COLLATION_CONNECTION=@@COLLATION_CONNECTION */;
/*!40101 SET NAMES utf8mb4 */;

--
-- Base de datos: `sistema_ventas`
--

-- --------------------------------------------------------

--
-- Estructura de tabla para la tabla `cliente`
--

CREATE TABLE `cliente` (
  `idcliente` int(11) NOT NULL,
  `nombre` varchar(100) COLLATE utf8_spanish_ci NOT NULL,
  `telefono` varchar(15) COLLATE utf8_spanish_ci NOT NULL,
  `direccion` varchar(200) COLLATE utf8_spanish_ci NOT NULL,
  `usuario_id` int(11) NOT NULL,
  `estado` int(11) NOT NULL DEFAULT 1
) ENGINE=InnoDB DEFAULT CHARSET=utf8 COLLATE=utf8_spanish_ci;

--
-- Volcado de datos para la tabla `cliente`
--

INSERT INTO `cliente` (`idcliente`, `nombre`, `telefono`, `direccion`, `usuario_id`, `estado`) VALUES
(1, 'Público en General', '8296826298', 'S/D', 1, 1),
(2, 'Kevin De la Victoria', '2147483647', 'Calle falsa 123', 1, 1),
(3, 'Pedro Perez', '32165421312', 'Calle falsa 321', 1, 1);

-- --------------------------------------------------------

--
-- Estructura de tabla para la tabla `configuracion`
--

CREATE TABLE `configuracion` (
  `id` int(11) NOT NULL,
  `nombre` varchar(100) COLLATE utf8_spanish_ci NOT NULL,
  `telefono` varchar(15) COLLATE utf8_spanish_ci NOT NULL,
  `email` varchar(100) COLLATE utf8_spanish_ci NOT NULL,
  `direccion` text COLLATE utf8_spanish_ci NOT NULL
) ENGINE=InnoDB DEFAULT CHARSET=utf8 COLLATE=utf8_spanish_ci;

--
-- Volcado de datos para la tabla `configuracion`
--

INSERT INTO `configuracion` (`id`, `nombre`, `telefono`, `email`, `direccion`) VALUES
(1, 'Kevin de la victoria', '925491523', 'kevindv@gamil.com', 'Calle falsa 123');

-- --------------------------------------------------------

--
-- Estructura de tabla para la tabla `detalle_permisos`
--

CREATE TABLE `detalle_permisos` (
  `id` int(11) NOT NULL,
  `id_permiso` int(11) NOT NULL,
  `id_usuario` int(11) NOT NULL
) ENGINE=InnoDB DEFAULT CHARSET=utf8mb4;

--
-- Volcado de datos para la tabla `detalle_permisos`
--

INSERT INTO `detalle_permisos` (`id`, `id_permiso`, `id_usuario`) VALUES
(1, 3, 3),
(2, 4, 3),
(3, 5, 3),
(4, 6, 3),
(5, 3, 2),
(6, 4, 2),
(7, 5, 2),
(8, 6, 2);

-- --------------------------------------------------------

--
-- Estructura de tabla para la tabla `detalle_temp`
--

CREATE TABLE `detalle_temp` (
  `id` int(11) NOT NULL,
  `id_usuario` varchar(50) COLLATE utf8_spanish_ci NOT NULL,
  `id_producto` int(11) NOT NULL,
  `cantidad` double NOT NULL,
  `precio_venta` decimal(10,2) NOT NULL,
  `total` decimal(10,2) NOT NULL
) ENGINE=InnoDB DEFAULT CHARSET=utf8 COLLATE=utf8_spanish_ci;

--
-- Volcado de datos para la tabla `detalle_temp`
--

INSERT INTO `detalle_temp` (`id`, `id_usuario`, `id_producto`, `cantidad`, `precio_venta`, `total`) VALUES
(22, '1', 3, 2, '16.00', '32.00'),
(23, '1', 7, 1, '1500.00', '1500.00');

-- --------------------------------------------------------

--
-- Estructura de tabla para la tabla `detalle_venta`
--

CREATE TABLE `detalle_venta` (
  `id` int(11) NOT NULL,
  `id_producto` int(11) NOT NULL,
  `id_venta` int(11) NOT NULL,
  `cantidad` int(11) NOT NULL,
  `precio` decimal(10,2) NOT NULL
) ENGINE=InnoDB DEFAULT CHARSET=utf8mb4;

--
-- Volcado de datos para la tabla `detalle_venta`
--

INSERT INTO `detalle_venta` (`id`, `id_producto`, `id_venta`, `cantidad`, `precio`) VALUES
(1, 4, 1, 2, '13.00'),
(2, 3, 1, 1, '16.00'),
(3, 4, 2, 3, '13.00'),
(4, 5, 3, 1, '1503.00'),
(5, 2, 3, 3, '10.00'),
(6, 2, 4, 2, '10.00'),
(7, 3, 4, 1, '16.00'),
(8, 7, 4, 1, '1500.00');

-- --------------------------------------------------------

--
-- Estructura de tabla para la tabla `permisos`
--

CREATE TABLE `permisos` (
  `id` int(11) NOT NULL,
  `nombre` varchar(30) NOT NULL
) ENGINE=InnoDB DEFAULT CHARSET=utf8mb4;

--
-- Volcado de datos para la tabla `permisos`
--

INSERT INTO `permisos` (`id`, `nombre`) VALUES
(1, 'configuración'),
(2, 'usuarios'),
(3, 'clientes'),
(4, 'productos'),
(5, 'ventas'),
(6, 'nueva_venta');

-- --------------------------------------------------------

--
-- Estructura de tabla para la tabla `producto`
--

CREATE TABLE `producto` (
  `codproducto` int(11) NOT NULL,
  `codigo` varchar(20) COLLATE utf8_spanish_ci NOT NULL,
  `descripcion` varchar(200) COLLATE utf8_spanish_ci NOT NULL,
  `precio` decimal(10,2) NOT NULL,
  `existencia` int(11) NOT NULL,
  `usuario_id` int(11) NOT NULL,
  `estado` int(11) NOT NULL DEFAULT 1
) ENGINE=InnoDB DEFAULT CHARSET=utf8 COLLATE=utf8_spanish_ci;

--
-- Volcado de datos para la tabla `producto`
--

INSERT INTO `producto` (`codproducto`, `codigo`, `descripcion`, `precio`, `existencia`, `usuario_id`, `estado`) VALUES
(2, '321', 'Gaseosa kr', '10.00', 175, 1, 1),
(3, '654', 'Galletas', '1600.00', 10, 1, 1),
(4, '987', 'Sandia', '13.00', 55, 1, 1),
(5, '12345', 'prueba', '1503.00', 54, 0, 1),
(6, '12345', 'prueba', '1503.00', 50, 0, 0),
(7, '123', 'Galletas DUX', '1500.00', 49, 1, 1);

-- --------------------------------------------------------

--
-- Estructura de tabla para la tabla `usuario`
--

CREATE TABLE `usuario` (
  `idusuario` int(11) NOT NULL,
  `nombre` varchar(100) COLLATE utf8_spanish_ci NOT NULL,
  `correo` varchar(100) COLLATE utf8_spanish_ci NOT NULL,
  `usuario` varchar(20) COLLATE utf8_spanish_ci NOT NULL,
  `clave` varchar(50) COLLATE utf8_spanish_ci NOT NULL,
  `estado` int(11) NOT NULL DEFAULT 1
) ENGINE=InnoDB DEFAULT CHARSET=utf8 COLLATE=utf8_spanish_ci;

--
-- Volcado de datos para la tabla `usuario`
--

INSERT INTO `usuario` (`idusuario`, `nombre`, `correo`, `usuario`, `clave`, `estado`) VALUES
(1, 'Administrador', 'administrador@gmail.com', 'admin', 'admin123', 1);

-- --------------------------------------------------------

--
-- Estructura de tabla para la tabla `ventas`
--

CREATE TABLE `ventas` (
  `id` int(11) NOT NULL,
  `id_cliente` int(11) NOT NULL,
  `total` decimal(10,2) NOT NULL,
  `id_usuario` int(11) NOT NULL,
  `fecha` timestamp NOT NULL DEFAULT current_timestamp() ON UPDATE current_timestamp()
) ENGINE=InnoDB DEFAULT CHARSET=utf8mb4;

--
-- Volcado de datos para la tabla `ventas`
--

INSERT INTO `ventas` (`id`, `id_cliente`, `total`, `id_usuario`, `fecha`) VALUES
(1, 1, '42.00', 1, '2022-10-28 14:35:54'),
(2, 1, '39.00', 1, '2022-10-28 14:39:39'),
(3, 2, '1533.00', 1, '2022-10-28 01:39:23'),
(4, 1, '1536.00', 1, '2022-11-01 14:48:02');

--
-- Índices para tablas volcadas
--

--
-- Indices de la tabla `cliente`
--
ALTER TABLE `cliente`
  ADD PRIMARY KEY (`idcliente`);

--
-- Indices de la tabla `configuracion`
--
ALTER TABLE `configuracion`
  ADD PRIMARY KEY (`id`);

--
-- Indices de la tabla `detalle_permisos`
--
ALTER TABLE `detalle_permisos`
  ADD PRIMARY KEY (`id`);

--
-- Indices de la tabla `detalle_temp`
--
ALTER TABLE `detalle_temp`
  ADD PRIMARY KEY (`id`);

--
-- Indices de la tabla `detalle_venta`
--
ALTER TABLE `detalle_venta`
  ADD PRIMARY KEY (`id`);

--
-- Indices de la tabla `permisos`
--
ALTER TABLE `permisos`
  ADD PRIMARY KEY (`id`);

--
-- Indices de la tabla `producto`
--
ALTER TABLE `producto`
  ADD PRIMARY KEY (`codproducto`);

--
-- Indices de la tabla `usuario`
--
ALTER TABLE `usuario`
  ADD PRIMARY KEY (`idusuario`);

--
-- Indices de la tabla `ventas`
--
ALTER TABLE `ventas`
  ADD PRIMARY KEY (`id`);

--
-- AUTO_INCREMENT de las tablas volcadas
--

--
-- AUTO_INCREMENT de la tabla `cliente`
--
ALTER TABLE `cliente`
  MODIFY `idcliente` int(11) NOT NULL AUTO_INCREMENT, AUTO_INCREMENT=4;

--
-- AUTO_INCREMENT de la tabla `configuracion`
--
ALTER TABLE `configuracion`
  MODIFY `id` int(11) NOT NULL AUTO_INCREMENT, AUTO_INCREMENT=2;

--
-- AUTO_INCREMENT de la tabla `detalle_permisos`
--
ALTER TABLE `detalle_permisos`
  MODIFY `id` int(11) NOT NULL AUTO_INCREMENT, AUTO_INCREMENT=22;

--
-- AUTO_INCREMENT de la tabla `detalle_temp`
--
ALTER TABLE `detalle_temp`
  MODIFY `id` int(11) NOT NULL AUTO_INCREMENT, AUTO_INCREMENT=24;

--
-- AUTO_INCREMENT de la tabla `detalle_venta`
--
ALTER TABLE `detalle_venta`
  MODIFY `id` int(11) NOT NULL AUTO_INCREMENT, AUTO_INCREMENT=9;

--
-- AUTO_INCREMENT de la tabla `permisos`
--
ALTER TABLE `permisos`
  MODIFY `id` int(11) NOT NULL AUTO_INCREMENT, AUTO_INCREMENT=7;

--
-- AUTO_INCREMENT de la tabla `producto`
--
ALTER TABLE `producto`
  MODIFY `codproducto` int(11) NOT NULL AUTO_INCREMENT, AUTO_INCREMENT=8;

--
-- AUTO_INCREMENT de la tabla `usuario`
--
ALTER TABLE `usuario`
  MODIFY `idusuario` int(11) NOT NULL AUTO_INCREMENT, AUTO_INCREMENT=5;

--
-- AUTO_INCREMENT de la tabla `ventas`
--
ALTER TABLE `ventas`
  MODIFY `id` int(11) NOT NULL AUTO_INCREMENT, AUTO_INCREMENT=5;
COMMIT;

/*!40101 SET CHARACTER_SET_CLIENT=@OLD_CHARACTER_SET_CLIENT */;
/*!40101 SET CHARACTER_SET_RESULTS=@OLD_CHARACTER_SET_RESULTS */;
/*!40101 SET COLLATION_CONNECTION=@OLD_COLLATION_CONNECTION */;
